country,year,variant,gender,freq,age1yearinterval,lifeexpectancy
818,1950,estimates,female,5yearly,0,41.636424
818,1950,estimates,male,5yearly,0,40.598418
818,1950,estimates,female,5yearly,1,54.687536
818,1950,estimates,male,5yearly,1,52.578763
818,1950,estimates,female,5yearly,5,64.191607
818,1950,estimates,male,5yearly,5,58.882965
818,1950,estimates,female,5yearly,10,60.137398
818,1950,estimates,male,5yearly,10,54.813593
818,1950,estimates,female,5yearly,15,55.737711
818,1950,estimates,male,5yearly,15,50.495309
818,1950,estimates,female,5yearly,20,51.397042
818,1950,estimates,male,5yearly,20,46.127597
818,1950,estimates,female,5yearly,25,46.951929
818,1950,estimates,male,5yearly,25,41.845117
818,1950,estimates,female,5yearly,30,42.56475
818,1950,estimates,male,5yearly,30,37.656492
818,1950,estimates,female,5yearly,35,38.21034
818,1950,estimates,male,5yearly,35,33.436274
818,1950,estimates,female,5yearly,40,33.927927
818,1950,estimates,male,5yearly,40,29.373235
818,1950,estimates,female,5yearly,45,29.583117
818,1950,estimates,male,5yearly,45,25.316229
818,1950,estimates,female,5yearly,50,25.270838
818,1950,estimates,male,5yearly,50,21.435209
818,1950,estimates,female,5yearly,55,21.243285
818,1950,estimates,male,5yearly,55,17.987659
818,1950,estimates,female,5yearly,60,17.375249
818,1950,estimates,male,5yearly,60,14.579029
818,1950,estimates,female,5yearly,65,13.796146
818,1950,estimates,male,5yearly,65,11.481176
818,1950,estimates,female,5yearly,70,10.603283
818,1950,estimates,male,5yearly,70,8.7490435
818,1950,estimates,female,5yearly,75,7.9269636
818,1950,estimates,male,5yearly,75,6.5607898
818,1950,estimates,female,5yearly,80,5.8233142
818,1950,estimates,male,5yearly,80,4.8704033
818,1950,estimates,female,5yearly,85,4.210447
818,1950,estimates,male,5yearly,85,3.5465772
818,1950,estimates,female,5yearly,90,3.0920202
818,1950,estimates,male,5yearly,90,2.640363
818,1950,estimates,female,5yearly,95,2.2688833
818,1950,estimates,male,5yearly,95,1.9738518
818,1950,estimates,female,5yearly,100plus,1.8457084
818,1950,estimates,male,5yearly,100plus,1.6602565
818,1955,estimates,female,5yearly,0,47.371207
818,1955,estimates,male,5yearly,0,45.29167
818,1955,estimates,female,5yearly,1,58.689867
818,1955,estimates,male,5yearly,1,55.659881
818,1955,estimates,female,5yearly,5,64.918963
818,1955,estimates,male,5yearly,5,59.623356
818,1955,estimates,female,5yearly,10,60.726794
818,1955,estimates,male,5yearly,10,55.442056
818,1955,estimates,female,5yearly,15,56.244863
818,1955,estimates,male,5yearly,15,51.043423
818,1955,estimates,female,5yearly,20,51.814467
818,1955,estimates,male,5yearly,20,46.622667
818,1955,estimates,female,5yearly,25,47.314827
818,1955,estimates,male,5yearly,25,42.289054
818,1955,estimates,female,5yearly,30,42.872672
818,1955,estimates,male,5yearly,30,38.036845
818,1955,estimates,female,5yearly,35,38.469371
818,1955,estimates,male,5yearly,35,33.764192
818,1955,estimates,female,5yearly,40,34.128544
818,1955,estimates,male,5yearly,40,29.625475
818,1955,estimates,female,5yearly,45,29.744441
818,1955,estimates,male,5yearly,45,25.512828
818,1955,estimates,female,5yearly,50,25.422037
818,1955,estimates,male,5yearly,50,21.602687
818,1955,estimates,female,5yearly,55,21.384841
818,1955,estimates,male,5yearly,55,18.129886
818,1955,estimates,female,5yearly,60,17.508696
818,1955,estimates,male,5yearly,60,14.707074
818,1955,estimates,female,5yearly,65,13.915301
818,1955,estimates,male,5yearly,65,11.60508
818,1955,estimates,female,5yearly,70,10.721817
818,1955,estimates,male,5yearly,70,8.877682
818,1955,estimates,female,5yearly,75,8.0311132
818,1955,estimates,male,5yearly,75,6.6703858
818,1955,estimates,female,5yearly,80,5.8871144
818,1955,estimates,male,5yearly,80,4.8996725
818,1955,estimates,female,5yearly,85,4.2352513
818,1955,estimates,male,5yearly,85,3.5799077
818,1955,estimates,female,5yearly,90,3.1163987
818,1955,estimates,male,5yearly,90,2.6755858
818,1955,estimates,female,5yearly,95,2.2708169
818,1955,estimates,male,5yearly,95,2.0075235
818,1955,estimates,female,5yearly,100plus,1.845672
818,1955,estimates,male,5yearly,100plus,1.6848528
818,1960,estimates,female,5yearly,0,50.662957
818,1960,estimates,male,5yearly,0,47.920669
818,1960,estimates,female,5yearly,1,61.119773
818,1960,estimates,male,5yearly,1,57.561536
818,1960,estimates,female,5yearly,5,65.54828
818,1960,estimates,male,5yearly,5,60.274117
818,1960,estimates,female,5yearly,10,61.237237
818,1960,estimates,male,5yearly,10,55.993216
818,1960,estimates,female,5yearly,15,56.683733
818,1960,estimates,male,5yearly,15,51.522922
818,1960,estimates,female,5yearly,20,52.175222
818,1960,estimates,male,5yearly,20,47.052792
818,1960,estimates,female,5yearly,25,47.625894
818,1960,estimates,male,5yearly,25,42.670745
818,1960,estimates,female,5yearly,30,43.133111
818,1960,estimates,male,5yearly,30,38.358838
818,1960,estimates,female,5yearly,35,38.683978
818,1960,estimates,male,5yearly,35,34.03614
818,1960,estimates,female,5yearly,40,34.288764
818,1960,estimates,male,5yearly,40,29.826464
818,1960,estimates,female,5yearly,45,29.86699
818,1960,estimates,male,5yearly,45,25.659886
818,1960,estimates,female,5yearly,50,25.533642
818,1960,estimates,male,5yearly,50,21.71905
818,1960,estimates,female,5yearly,55,21.484404
818,1960,estimates,male,5yearly,55,18.218418
818,1960,estimates,female,5yearly,60,17.583346
818,1960,estimates,male,5yearly,60,14.800106
818,1960,estimates,female,5yearly,65,13.984731
818,1960,estimates,male,5yearly,65,11.705741
818,1960,estimates,female,5yearly,70,10.796898
818,1960,estimates,male,5yearly,70,8.9654627
818,1960,estimates,female,5yearly,75,8.0459324
818,1960,estimates,male,5yearly,75,6.6687246
818,1960,estimates,female,5yearly,80,5.8859318
818,1960,estimates,male,5yearly,80,4.8874871
818,1960,estimates,female,5yearly,85,4.2112575
818,1960,estimates,male,5yearly,85,3.5437377
818,1960,estimates,female,5yearly,90,3.0873503
818,1960,estimates,male,5yearly,90,2.6156346
818,1960,estimates,female,5yearly,95,2.1844405
818,1960,estimates,male,5yearly,95,1.7959019
818,1960,estimates,female,5yearly,100plus,1.7684455
818,1960,estimates,male,5yearly,100plus,0.62971433
818,1965,estimates,female,5yearly,0,53.270403
818,1965,estimates,male,5yearly,0,49.903579
818,1965,estimates,female,5yearly,1,63.129171
818,1965,estimates,male,5yearly,1,59.063996
818,1965,estimates,female,5yearly,5,66.258877
818,1965,estimates,male,5yearly,5,60.872403
818,1965,estimates,female,5yearly,10,61.847236
818,1965,estimates,male,5yearly,10,56.503449
818,1965,estimates,female,5yearly,15,57.2327
818,1965,estimates,male,5yearly,15,51.969673
818,1965,estimates,female,5yearly,20,52.65766
818,1965,estimates,male,5yearly,20,47.454038
818,1965,estimates,female,5yearly,25,48.064568
818,1965,estimates,male,5yearly,25,43.026685
818,1965,estimates,female,5yearly,30,43.527056
818,1965,estimates,male,5yearly,30,38.659434
818,1965,estimates,female,5yearly,35,39.037279
818,1965,estimates,male,5yearly,35,34.28975
818,1965,estimates,female,5yearly,40,34.594305
818,1965,estimates,male,5yearly,40,30.014571
818,1965,estimates,female,5yearly,45,30.139648
818,1965,estimates,male,5yearly,45,25.796986
818,1965,estimates,female,5yearly,50,25.799126
818,1965,estimates,male,5yearly,50,21.825866
818,1965,estimates,female,5yearly,55,21.745851
818,1965,estimates,male,5yearly,55,18.296445
818,1965,estimates,female,5yearly,60,17.815873
818,1965,estimates,male,5yearly,60,14.865744
818,1965,estimates,female,5yearly,65,14.179578
818,1965,estimates,male,5yearly,65,11.757091
818,1965,estimates,female,5yearly,70,10.986461
818,1965,estimates,male,5yearly,70,9.0132944
818,1965,estimates,female,5yearly,75,8.2670164
818,1965,estimates,male,5yearly,75,6.7243808
818,1965,estimates,female,5yearly,80,6.1465957
818,1965,estimates,male,5yearly,80,4.9462449
818,1965,estimates,female,5yearly,85,4.4185005
818,1965,estimates,male,5yearly,85,3.5592665
818,1965,estimates,female,5yearly,90,3.2147127
818,1965,estimates,male,5yearly,90,2.6151269
818,1965,estimates,female,5yearly,95,2.3203885
818,1965,estimates,male,5yearly,95,1.8249072
818,1965,estimates,female,5yearly,100plus,1.9166551
818,1965,estimates,male,5yearly,100plus,0.64249638
818,1970,estimates,female,5yearly,0,54.799568
818,1970,estimates,male,5yearly,0,51.136914
818,1970,estimates,female,5yearly,1,64.503593
818,1970,estimates,male,5yearly,1,60.28709
818,1970,estimates,female,5yearly,5,66.823247
818,1970,estimates,male,5yearly,5,61.581332
818,1970,estimates,female,5yearly,10,62.32456
818,1970,estimates,male,5yearly,10,57.136146
818,1970,estimates,female,5yearly,15,57.65659
818,1970,estimates,male,5yearly,15,52.547415
818,1970,estimates,female,5yearly,20,53.023192
818,1970,estimates,male,5yearly,20,47.991332
818,1970,estimates,female,5yearly,25,48.389722
818,1970,estimates,male,5yearly,25,43.523572
818,1970,estimates,female,5yearly,30,43.810366
818,1970,estimates,male,5yearly,30,39.107433
818,1970,estimates,female,5yearly,35,39.281659
818,1970,estimates,male,5yearly,35,34.696391
818,1970,estimates,female,5yearly,40,34.793165
818,1970,estimates,male,5yearly,40,30.36435
818,1970,estimates,female,5yearly,45,30.305771
818,1970,estimates,male,5yearly,45,26.103205
818,1970,estimates,female,5yearly,50,25.95559
818,1970,estimates,male,5yearly,50,22.109931
818,1970,estimates,female,5yearly,55,21.89367
818,1970,estimates,male,5yearly,55,18.565536
818,1970,estimates,female,5yearly,60,17.943055
818,1970,estimates,male,5yearly,60,15.138616
818,1970,estimates,female,5yearly,65,14.286029
818,1970,estimates,male,5yearly,65,12.018139
818,1970,estimates,female,5yearly,70,11.009495
818,1970,estimates,male,5yearly,70,9.2610027
818,1970,estimates,female,5yearly,75,8.2809152
818,1970,estimates,male,5yearly,75,6.9172899
818,1970,estimates,female,5yearly,80,6.153999
818,1970,estimates,male,5yearly,80,5.0513805
818,1970,estimates,female,5yearly,85,4.4437145
818,1970,estimates,male,5yearly,85,3.6310335
818,1970,estimates,female,5yearly,90,3.2606998
818,1970,estimates,male,5yearly,90,2.6322938
818,1970,estimates,female,5yearly,95,2.3384241
818,1970,estimates,male,5yearly,95,1.8369794
818,1970,estimates,female,5yearly,100plus,1.9218174
818,1970,estimates,male,5yearly,100plus,0.3348818
818,1975,estimates,female,5yearly,0,58.851836
818,1975,estimates,male,5yearly,0,54.707083
818,1975,estimates,female,5yearly,1,66.685286
818,1975,estimates,male,5yearly,1,62.195819
818,1975,estimates,female,5yearly,5,67.331125
818,1975,estimates,male,5yearly,5,62.199659
818,1975,estimates,female,5yearly,10,62.757913
818,1975,estimates,male,5yearly,10,57.686687
818,1975,estimates,female,5yearly,15,58.04371
818,1975,estimates,male,5yearly,15,53.048915
818,1975,estimates,female,5yearly,20,53.359766
818,1975,estimates,male,5yearly,20,48.455112
818,1975,estimates,female,5yearly,25,48.689735
818,1975,estimates,male,5yearly,25,43.948959
818,1975,estimates,female,5yearly,30,44.072112
818,1975,estimates,male,5yearly,30,39.486734
818,1975,estimates,female,5yearly,35,39.507218
818,1975,estimates,male,5yearly,35,35.035974
818,1975,estimates,female,5yearly,40,34.976692
818,1975,estimates,male,5yearly,40,30.650223
818,1975,estimates,female,5yearly,45,30.458298
818,1975,estimates,male,5yearly,45,26.346291
818,1975,estimates,female,5yearly,50,26.098268
818,1975,estimates,male,5yearly,50,22.328581
818,1975,estimates,female,5yearly,55,22.027095
818,1975,estimates,male,5yearly,55,18.764515
818,1975,estimates,female,5yearly,60,18.068362
818,1975,estimates,male,5yearly,60,15.313152
818,1975,estimates,female,5yearly,65,14.398989
818,1975,estimates,male,5yearly,65,12.186264
818,1975,estimates,female,5yearly,70,11.094267
818,1975,estimates,male,5yearly,70,9.4069076
818,1975,estimates,female,5yearly,75,8.3537762
818,1975,estimates,male,5yearly,75,7.0343549
818,1975,estimates,female,5yearly,80,6.2188826
818,1975,estimates,male,5yearly,80,5.1661022
818,1975,estimates,female,5yearly,85,4.4850117
818,1975,estimates,male,5yearly,85,3.7704733
818,1975,estimates,female,5yearly,90,3.3007215
818,1975,estimates,male,5yearly,90,2.6869685
818,1975,estimates,female,5yearly,95,2.4631962
818,1975,estimates,male,5yearly,95,1.9191223
818,1975,estimates,female,5yearly,100plus,1.835136
818,1975,estimates,male,5yearly,100plus,1.0238026
818,1980,estimates,female,5yearly,0,62.195868
818,1980,estimates,male,5yearly,0,57.664829
818,1980,estimates,female,5yearly,1,68.409896
818,1980,estimates,male,5yearly,1,63.688416
818,1980,estimates,female,5yearly,5,67.813249
818,1980,estimates,male,5yearly,5,62.703678
818,1980,estimates,female,5yearly,10,63.17646
818,1980,estimates,male,5yearly,10,58.13038
818,1980,estimates,female,5yearly,15,58.422402
818,1980,estimates,male,5yearly,15,53.448793
818,1980,estimates,female,5yearly,20,53.694846
818,1980,estimates,male,5yearly,20,48.819713
818,1980,estimates,female,5yearly,25,48.991891
818,1980,estimates,male,5yearly,25,44.276926
818,1980,estimates,female,5yearly,30,44.3395
818,1980,estimates,male,5yearly,30,39.771075
818,1980,estimates,female,5yearly,35,39.741251
818,1980,estimates,male,5yearly,35,35.281942
818,1980,estimates,female,5yearly,40,35.172252
818,1980,estimates,male,5yearly,40,30.845175
818,1980,estimates,female,5yearly,45,30.624903
818,1980,estimates,male,5yearly,45,26.4988
818,1980,estimates,female,5yearly,50,26.255476
818,1980,estimates,male,5yearly,50,22.453539
818,1980,estimates,female,5yearly,55,22.175664
818,1980,estimates,male,5yearly,55,18.863296
818,1980,estimates,female,5yearly,60,18.211255
818,1980,estimates,male,5yearly,60,15.373649
818,1980,estimates,female,5yearly,65,14.534484
818,1980,estimates,male,5yearly,65,12.215626
818,1980,estimates,female,5yearly,70,11.21417
818,1980,estimates,male,5yearly,70,9.4358146
818,1980,estimates,female,5yearly,75,8.4367809
818,1980,estimates,male,5yearly,75,7.0503855
818,1980,estimates,female,5yearly,80,6.234846
818,1980,estimates,male,5yearly,80,5.1662194
818,1980,estimates,female,5yearly,85,4.5049188
818,1980,estimates,male,5yearly,85,3.7510814
818,1980,estimates,female,5yearly,90,3.3590841
818,1980,estimates,male,5yearly,90,2.6863938
818,1980,estimates,female,5yearly,95,2.4815295
818,1980,estimates,male,5yearly,95,1.8752055
818,1980,estimates,female,5yearly,100plus,1.845394
818,1980,estimates,male,5yearly,100plus,0.55615422
818,1985,estimates,female,5yearly,0,65.906301
818,1985,estimates,male,5yearly,0,61.218691
818,1985,estimates,female,5yearly,1,70.003334
818,1985,estimates,male,5yearly,1,65.261536
818,1985,estimates,female,5yearly,5,68.153126
818,1985,estimates,male,5yearly,5,63.223797
818,1985,estimates,female,5yearly,10,63.461569
818,1985,estimates,male,5yearly,10,58.597744
818,1985,estimates,female,5yearly,15,58.672754
818,1985,estimates,male,5yearly,15,53.877756
818,1985,estimates,female,5yearly,20,53.90707
818,1985,estimates,male,5yearly,20,49.216647
818,1985,estimates,female,5yearly,25,49.173836
818,1985,estimates,male,5yearly,25,44.640227
818,1985,estimates,female,5yearly,30,44.489024
818,1985,estimates,male,5yearly,30,40.094667
818,1985,estimates,female,5yearly,35,39.858936
818,1985,estimates,male,5yearly,35,35.570333
818,1985,estimates,female,5yearly,40,35.253391
818,1985,estimates,male,5yearly,40,31.087464
818,1985,estimates,female,5yearly,45,30.677337
818,1985,estimates,male,5yearly,45,26.702265
818,1985,estimates,female,5yearly,50,26.296108
818,1985,estimates,male,5yearly,50,22.632187
818,1985,estimates,female,5yearly,55,22.203249
818,1985,estimates,male,5yearly,55,19.019804
818,1985,estimates,female,5yearly,60,18.22356
818,1985,estimates,male,5yearly,60,15.513002
818,1985,estimates,female,5yearly,65,14.533915
818,1985,estimates,male,5yearly,65,12.317484
818,1985,estimates,female,5yearly,70,11.20854
818,1985,estimates,male,5yearly,70,9.4647355
818,1985,estimates,female,5yearly,75,8.4296138
818,1985,estimates,male,5yearly,75,7.0894301
818,1985,estimates,female,5yearly,80,6.2243128
818,1985,estimates,male,5yearly,80,5.2065588
818,1985,estimates,female,5yearly,85,4.4812513
818,1985,estimates,male,5yearly,85,3.8057741
818,1985,estimates,female,5yearly,90,3.2717746
818,1985,estimates,male,5yearly,90,2.7229779
818,1985,estimates,female,5yearly,95,2.3990191
818,1985,estimates,male,5yearly,95,2.0030401
818,1985,estimates,female,5yearly,100plus,1.717824
818,1985,estimates,male,5yearly,100plus,1.6204108
818,1990,estimates,female,5yearly,0,67.869004
818,1990,estimates,male,5yearly,0,63.075853
818,1990,estimates,female,5yearly,1,70.980792
818,1990,estimates,male,5yearly,1,66.207358
818,1990,estimates,female,5yearly,5,68.546646
818,1990,estimates,male,5yearly,5,63.67771
818,1990,estimates,female,5yearly,10,63.808803
818,1990,estimates,male,5yearly,10,59.005067
818,1990,estimates,female,5yearly,15,58.990329
818,1990,estimates,male,5yearly,15,54.251042
818,1990,estimates,female,5yearly,20,54.192101
818,1990,estimates,male,5yearly,20,49.560324
818,1990,estimates,female,5yearly,25,49.432017
818,1990,estimates,male,5yearly,25,44.952286
818,1990,estimates,female,5yearly,30,44.71828
818,1990,estimates,male,5yearly,30,40.369692
818,1990,estimates,female,5yearly,35,40.059529
818,1990,estimates,male,5yearly,35,35.812001
818,1990,estimates,female,5yearly,40,35.42135
818,1990,estimates,male,5yearly,40,31.286135
818,1990,estimates,female,5yearly,45,30.819477
818,1990,estimates,male,5yearly,45,26.863527
818,1990,estimates,female,5yearly,50,26.428611
818,1990,estimates,male,5yearly,50,22.767656
818,1990,estimates,female,5yearly,55,22.326353
818,1990,estimates,male,5yearly,55,19.130282
818,1990,estimates,female,5yearly,60,18.337346
818,1990,estimates,male,5yearly,60,15.622957
818,1990,estimates,female,5yearly,65,14.651892
818,1990,estimates,male,5yearly,65,12.416636
818,1990,estimates,female,5yearly,70,11.323069
818,1990,estimates,male,5yearly,70,9.5780922
818,1990,estimates,female,5yearly,75,8.5439865
818,1990,estimates,male,5yearly,75,7.2043464
818,1990,estimates,female,5yearly,80,6.353502
818,1990,estimates,male,5yearly,80,5.2946823
818,1990,estimates,female,5yearly,85,4.7121395
818,1990,estimates,male,5yearly,85,3.8330608
818,1990,estimates,female,5yearly,90,3.5388662
818,1990,estimates,male,5yearly,90,2.7676105
818,1990,estimates,female,5yearly,95,2.540356
818,1990,estimates,male,5yearly,95,2.0682752
818,1990,estimates,female,5yearly,100plus,1.849031
818,1990,estimates,male,5yearly,100plus,1.6975612
818,1995,estimates,female,5yearly,0,70.429661
818,1995,estimates,male,5yearly,0,65.597814
818,1995,estimates,female,5yearly,1,71.979605
818,1995,estimates,male,5yearly,1,67.20132
818,1995,estimates,female,5yearly,5,68.854651
818,1995,estimates,male,5yearly,5,64.046486
818,1995,estimates,female,5yearly,10,64.077187
818,1995,estimates,male,5yearly,10,59.33266
818,1995,estimates,female,5yearly,15,59.233021
818,1995,estimates,male,5yearly,15,54.548431
818,1995,estimates,female,5yearly,20,54.406541
818,1995,estimates,male,5yearly,20,49.830274
818,1995,estimates,female,5yearly,25,49.622016
818,1995,estimates,male,5yearly,25,45.192405
818,1995,estimates,female,5yearly,30,44.881632
818,1995,estimates,male,5yearly,30,40.575144
818,1995,estimates,female,5yearly,35,40.195951
818,1995,estimates,male,5yearly,35,35.985678
818,1995,estimates,female,5yearly,40,35.527276
818,1995,estimates,male,5yearly,40,31.419512
818,1995,estimates,female,5yearly,45,30.900452
818,1995,estimates,male,5yearly,45,26.960544
818,1995,estimates,female,5yearly,50,26.498792
818,1995,estimates,male,5yearly,50,22.837257
818,1995,estimates,female,5yearly,55,22.381819
818,1995,estimates,male,5yearly,55,19.167355
818,1995,estimates,female,5yearly,60,18.395543
818,1995,estimates,male,5yearly,60,15.642871
818,1995,estimates,female,5yearly,65,14.71143
818,1995,estimates,male,5yearly,65,12.438027
818,1995,estimates,female,5yearly,70,11.371079
818,1995,estimates,male,5yearly,70,9.5923674
818,1995,estimates,female,5yearly,75,8.5728941
818,1995,estimates,male,5yearly,75,7.1998733
818,1995,estimates,female,5yearly,80,6.3955244
818,1995,estimates,male,5yearly,80,5.2706835
818,1995,estimates,female,5yearly,85,4.7798759
818,1995,estimates,male,5yearly,85,3.8365896
818,1995,estimates,female,5yearly,90,3.5899719
818,1995,estimates,male,5yearly,90,2.8240835
818,1995,estimates,female,5yearly,95,2.6399167
818,1995,estimates,male,5yearly,95,2.1632146
818,1995,estimates,female,5yearly,100plus,2.1252574
818,1995,estimates,male,5yearly,100plus,1.7801055
818,2000,estimates,female,5yearly,0,71.411411
818,2000,estimates,male,5yearly,0,66.651514
818,2000,estimates,female,5yearly,1,72.448662
818,2000,estimates,male,5yearly,1,67.767152
818,2000,estimates,female,5yearly,5,69.083321
818,2000,estimates,male,5yearly,5,64.398503
818,2000,estimates,female,5yearly,10,64.272003
818,2000,estimates,male,5yearly,10,59.64861
818,2000,estimates,female,5yearly,15,59.405624
818,2000,estimates,male,5yearly,15,54.837848
818,2000,estimates,female,5yearly,20,54.554668
818,2000,estimates,male,5yearly,20,50.094645
818,2000,estimates,female,5yearly,25,49.747946
818,2000,estimates,male,5yearly,25,45.429174
818,2000,estimates,female,5yearly,30,44.98308
818,2000,estimates,male,5yearly,30,40.780103
818,2000,estimates,female,5yearly,35,40.272174
818,2000,estimates,male,5yearly,35,36.161141
818,2000,estimates,female,5yearly,40,35.575099
818,2000,estimates,male,5yearly,40,31.558135
818,2000,estimates,female,5yearly,45,30.924276
818,2000,estimates,male,5yearly,45,27.0652
818,2000,estimates,female,5yearly,50,26.51082
818,2000,estimates,male,5yearly,50,22.915596
818,2000,estimates,female,5yearly,55,22.382504
818,2000,estimates,male,5yearly,55,19.217798
818,2000,estimates,female,5yearly,60,18.393846
818,2000,estimates,male,5yearly,60,15.694097
818,2000,estimates,female,5yearly,65,14.709562
818,2000,estimates,male,5yearly,65,12.496908
818,2000,estimates,female,5yearly,70,11.368955
818,2000,estimates,male,5yearly,70,9.6700059
818,2000,estimates,female,5yearly,75,8.5702343
818,2000,estimates,male,5yearly,75,7.2780914
818,2000,estimates,female,5yearly,80,6.391618
818,2000,estimates,male,5yearly,80,5.3978396
818,2000,estimates,female,5yearly,85,4.7726361
818,2000,estimates,male,5yearly,85,3.9030871
818,2000,estimates,female,5yearly,90,3.5800028
818,2000,estimates,male,5yearly,90,2.8641623
818,2000,estimates,female,5yearly,95,2.6079016
818,2000,estimates,male,5yearly,95,2.1761953
818,2000,estimates,female,5yearly,100plus,1.9252177
818,2000,estimates,male,5yearly,100plus,1.7907671
818,2005,estimates,female,5yearly,0,72.211742
818,2005,estimates,male,5yearly,0,67.618831
818,2005,estimates,female,5yearly,1,72.835871
818,2005,estimates,male,5yearly,1,68.336332
818,2005,estimates,female,5yearly,5,69.295804
818,2005,estimates,male,5yearly,5,64.808121
818,2005,estimates,female,5yearly,10,64.455748
818,2005,estimates,male,5yearly,10,60.026911
818,2005,estimates,female,5yearly,15,59.570304
818,2005,estimates,male,5yearly,15,55.193058
818,2005,estimates,female,5yearly,20,54.698309
818,2005,estimates,male,5yearly,20,50.427328
818,2005,estimates,female,5yearly,25,49.871665
818,2005,estimates,male,5yearly,25,45.7368
818,2005,estimates,female,5yearly,30,45.084619
818,2005,estimates,male,5yearly,30,41.059092
818,2005,estimates,female,5yearly,35,40.35052
818,2005,estimates,male,5yearly,35,36.413438
818,2005,estimates,female,5yearly,40,35.627501
818,2005,estimates,male,5yearly,40,31.777557
818,2005,estimates,female,5yearly,45,30.954276
818,2005,estimates,male,5yearly,45,27.254125
818,2005,estimates,female,5yearly,50,26.529384
818,2005,estimates,male,5yearly,50,23.081843
818,2005,estimates,female,5yearly,55,22.387764
818,2005,estimates,male,5yearly,55,19.36227
818,2005,estimates,female,5yearly,60,18.393907
818,2005,estimates,male,5yearly,60,15.782605
818,2005,estimates,female,5yearly,65,14.709562
818,2005,estimates,male,5yearly,65,12.55334
818,2005,estimates,female,5yearly,70,11.368955
818,2005,estimates,male,5yearly,70,9.7072188
818,2005,estimates,female,5yearly,75,8.5702343
818,2005,estimates,male,5yearly,75,7.2959566
818,2005,estimates,female,5yearly,80,6.391618
818,2005,estimates,male,5yearly,80,5.4204368
818,2005,estimates,female,5yearly,85,4.7726361
818,2005,estimates,male,5yearly,85,3.9314045
818,2005,estimates,female,5yearly,90,3.5800028
818,2005,estimates,male,5yearly,90,2.9191681
818,2005,estimates,female,5yearly,95,2.6079016
818,2005,estimates,male,5yearly,95,2.2069348
818,2005,estimates,female,5yearly,100plus,1.9252177
818,2005,estimates,male,5yearly,100plus,1.8151702
818,2010,estimates,female,5yearly,0,73.045548
818,2010,estimates,male,5yearly,0,68.714495
818,2010,estimates,female,5yearly,1,73.380558
818,2010,estimates,male,5yearly,1,69.101576
818,2010,estimates,female,5yearly,5,69.756545
818,2010,estimates,male,5yearly,5,65.475411
818,2010,estimates,female,5yearly,10,64.887175
818,2010,estimates,male,5yearly,10,60.654787
818,2010,estimates,female,5yearly,15,59.980797
818,2010,estimates,male,5yearly,15,55.795568
818,2010,estimates,female,5yearly,20,55.085615
818,2010,estimates,male,5yearly,20,50.998452
818,2010,estimates,female,5yearly,25,50.228214
818,2010,estimates,male,5yearly,25,46.271834
818,2010,estimates,female,5yearly,30,45.405171
818,2010,estimates,male,5yearly,30,41.560502
818,2010,estimates,female,5yearly,35,40.629913
818,2010,estimates,male,5yearly,35,36.881657
818,2010,estimates,female,5yearly,40,35.869224
818,2010,estimates,male,5yearly,40,32.215888
818,2010,estimates,female,5yearly,45,31.158195
818,2010,estimates,male,5yearly,45,27.659658
818,2010,estimates,female,5yearly,50,26.677342
818,2010,estimates,male,5yearly,50,23.44193
818,2010,estimates,female,5yearly,55,22.4642
818,2010,estimates,male,5yearly,55,19.671834
818,2010,estimates,female,5yearly,60,18.394843
818,2010,estimates,male,5yearly,60,16.048769
818,2010,estimates,female,5yearly,65,14.709562
818,2010,estimates,male,5yearly,65,12.781148
818,2010,estimates,female,5yearly,70,11.368955
818,2010,estimates,male,5yearly,70,9.9017411
818,2010,estimates,female,5yearly,75,8.5702343
818,2010,estimates,male,5yearly,75,7.4607805
818,2010,estimates,female,5yearly,80,6.391618
818,2010,estimates,male,5yearly,80,5.556799
818,2010,estimates,female,5yearly,85,4.7726361
818,2010,estimates,male,5yearly,85,4.0413148
818,2010,estimates,female,5yearly,90,3.5800028
818,2010,estimates,male,5yearly,90,3.0145646
818,2010,estimates,female,5yearly,95,2.6079016
818,2010,estimates,male,5yearly,95,2.3502944
818,2010,estimates,female,5yearly,100plus,1.9252177
818,2010,estimates,male,5yearly,100plus,1.8081917
818,2015,medium_variant,female,5yearly,0,74.0787
818,2015,medium_variant,male,5yearly,0,69.5188
818,2015,medium_variant,female,5yearly,1,74.191644
818,2015,medium_variant,male,5yearly,1,69.672335
818,2015,medium_variant,female,5yearly,5,70.503705
818,2015,medium_variant,male,5yearly,5,65.980154
818,2015,medium_variant,female,5yearly,10,65.61208
818,2015,medium_variant,male,5yearly,10,61.132051
818,2015,medium_variant,female,5yearly,15,60.689835
818,2015,medium_variant,male,5yearly,15,56.254525
818,2015,medium_variant,female,5yearly,20,55.777093
818,2015,medium_variant,male,5yearly,20,51.435075
818,2015,medium_variant,female,5yearly,25,50.896385
818,2015,medium_variant,male,5yearly,25,46.682348
818,2015,medium_variant,female,5yearly,30,46.04596
818,2015,medium_variant,male,5yearly,30,41.946417
818,2015,medium_variant,female,5yearly,35,41.239182
818,2015,medium_variant,male,5yearly,35,37.243059
818,2015,medium_variant,female,5yearly,40,36.449491
818,2015,medium_variant,male,5yearly,40,32.554995
818,2015,medium_variant,female,5yearly,45,31.70948
818,2015,medium_variant,male,5yearly,45,27.974037
818,2015,medium_variant,female,5yearly,50,27.186692
818,2015,medium_variant,male,5yearly,50,23.721716
818,2015,medium_variant,female,5yearly,55,22.922608
818,2015,medium_variant,male,5yearly,55,19.910434
818,2015,medium_variant,female,5yearly,60,18.804524
818,2015,medium_variant,male,5yearly,60,16.253949
818,2015,medium_variant,female,5yearly,65,15.062741
818,2015,medium_variant,male,5yearly,65,12.956854
818,2015,medium_variant,female,5yearly,70,11.663291
818,2015,medium_variant,male,5yearly,70,10.052004
818,2015,medium_variant,female,5yearly,75,8.8015987
818,2015,medium_variant,male,5yearly,75,7.5884362
818,2015,medium_variant,female,5yearly,80,6.5605179
818,2015,medium_variant,male,5yearly,80,5.6627856
818,2015,medium_variant,female,5yearly,85,4.8863869
818,2015,medium_variant,male,5yearly,85,4.1271799
818,2015,medium_variant,female,5yearly,90,3.649834
818,2015,medium_variant,male,5yearly,90,3.0821211
818,2015,medium_variant,female,5yearly,95,2.6457741
818,2015,medium_variant,male,5yearly,95,2.4005775
818,2015,medium_variant,female,5yearly,100plus,1.9363917
818,2015,medium_variant,male,5yearly,100plus,1.8398182
818,2020,medium_variant,female,5yearly,0,75.029202
818,2020,medium_variant,male,5yearly,0,70.2537
818,2020,medium_variant,female,5yearly,1,74.987511
818,2020,medium_variant,male,5yearly,1,70.271413
818,2020,medium_variant,female,5yearly,5,71.255734
818,2020,medium_variant,male,5yearly,5,66.548475
818,2020,medium_variant,female,5yearly,10,66.352652
818,2020,medium_variant,male,5yearly,10,61.688833
818,2020,medium_variant,female,5yearly,15,61.423959
818,2020,medium_variant,male,5yearly,15,56.803787
818,2020,medium_variant,female,5yearly,20,56.506955
818,2020,medium_variant,male,5yearly,20,51.977976
818,2020,medium_variant,female,5yearly,25,51.621583
818,2020,medium_variant,male,5yearly,25,47.218957
818,2020,medium_variant,female,5yearly,30,46.76551
818,2020,medium_variant,male,5yearly,30,42.476288
818,2020,medium_variant,female,5yearly,35,41.950649
818,2020,medium_variant,male,5yearly,35,37.765104
818,2020,medium_variant,female,5yearly,40,37.153714
818,2020,medium_variant,male,5yearly,40,33.070933
818,2020,medium_variant,female,5yearly,45,32.405488
818,2020,medium_variant,male,5yearly,45,28.480956
818,2020,medium_variant,female,5yearly,50,27.860043
818,2020,medium_variant,male,5yearly,50,24.201651
818,2020,medium_variant,female,5yearly,55,23.554845
818,2020,medium_variant,male,5yearly,55,20.335884
818,2020,medium_variant,female,5yearly,60,19.392594
818,2020,medium_variant,male,5yearly,60,16.631653
818,2020,medium_variant,female,5yearly,65,15.584188
818,2020,medium_variant,male,5yearly,65,13.277075
818,2020,medium_variant,female,5yearly,70,12.111449
818,2020,medium_variant,male,5yearly,70,10.309361
818,2020,medium_variant,female,5yearly,75,9.1619882
818,2020,medium_variant,male,5yearly,75,7.781901
818,2020,medium_variant,female,5yearly,80,6.8231159
818,2020,medium_variant,male,5yearly,80,5.7898022
818,2020,medium_variant,female,5yearly,85,5.0590511
818,2020,medium_variant,male,5yearly,85,4.2036055
818,2020,medium_variant,female,5yearly,90,3.7520611
818,2020,medium_variant,male,5yearly,90,3.1184188
818,2020,medium_variant,female,5yearly,95,2.7040191
818,2020,medium_variant,male,5yearly,95,2.4069143
818,2020,medium_variant,female,5yearly,100plus,1.9588808
818,2020,medium_variant,male,5yearly,100plus,1.8377484
818,2025,medium_variant,female,5yearly,0,75.9063
818,2025,medium_variant,male,5yearly,0,70.9853
818,2025,medium_variant,female,5yearly,1,75.743918
818,2025,medium_variant,male,5yearly,1,70.911803
818,2025,medium_variant,female,5yearly,5,71.977105
818,2025,medium_variant,male,5yearly,5,67.158659
818,2025,medium_variant,female,5yearly,10,67.064479
818,2025,medium_variant,male,5yearly,10,62.28744
818,2025,medium_variant,female,5yearly,15,62.130162
818,2025,medium_variant,male,5yearly,15,57.394494
818,2025,medium_variant,female,5yearly,20,57.209243
818,2025,medium_variant,male,5yearly,20,52.561247
818,2025,medium_variant,female,5yearly,25,52.319382
818,2025,medium_variant,male,5yearly,25,47.79393
818,2025,medium_variant,female,5yearly,30,47.457698
818,2025,medium_variant,male,5yearly,30,43.042009
818,2025,medium_variant,female,5yearly,35,42.634761
818,2025,medium_variant,male,5yearly,35,38.320053
818,2025,medium_variant,female,5yearly,40,37.830448
818,2025,medium_variant,male,5yearly,40,33.616687
818,2025,medium_variant,female,5yearly,45,33.073849
818,2025,medium_variant,male,5yearly,45,29.014203
818,2025,medium_variant,female,5yearly,50,28.506318
818,2025,medium_variant,male,5yearly,50,24.704073
818,2025,medium_variant,female,5yearly,55,24.161686
818,2025,medium_variant,male,5yearly,55,20.78067
818,2025,medium_variant,female,5yearly,60,19.956988
818,2025,medium_variant,male,5yearly,60,17.026013
818,2025,medium_variant,female,5yearly,65,16.08471
818,2025,medium_variant,male,5yearly,65,13.611635
818,2025,medium_variant,female,5yearly,70,12.541945
818,2025,medium_variant,male,5yearly,70,10.579223
818,2025,medium_variant,female,5yearly,75,9.5086278
818,2025,medium_variant,male,5yearly,75,7.9862031
818,2025,medium_variant,female,5yearly,80,7.0761437
818,2025,medium_variant,male,5yearly,80,5.9258287
818,2025,medium_variant,female,5yearly,85,5.225779
818,2025,medium_variant,male,5yearly,85,4.2873287
818,2025,medium_variant,female,5yearly,90,3.8512791
818,2025,medium_variant,male,5yearly,90,3.1606699
818,2025,medium_variant,female,5yearly,95,2.7614231
818,2025,medium_variant,male,5yearly,95,2.4178798
818,2025,medium_variant,female,5yearly,100plus,1.9829778
818,2025,medium_variant,male,5yearly,100plus,1.835391
818,2030,medium_variant,female,5yearly,0,76.7118
818,2030,medium_variant,male,5yearly,0,71.7135
818,2030,medium_variant,female,5yearly,1,76.455577
818,2030,medium_variant,male,5yearly,1,71.557001
818,2030,medium_variant,female,5yearly,5,72.66078
818,2030,medium_variant,male,5yearly,5,67.775092
818,2030,medium_variant,female,5yearly,10,67.740244
818,2030,medium_variant,male,5yearly,10,62.892649
818,2030,medium_variant,female,5yearly,15,62.801057
818,2030,medium_variant,male,5yearly,15,57.991758
818,2030,medium_variant,female,5yearly,20,57.876597
818,2030,medium_variant,male,5yearly,20,53.150453
818,2030,medium_variant,female,5yearly,25,52.98249
818,2030,medium_variant,male,5yearly,25,48.37344
818,2030,medium_variant,female,5yearly,30,48.11534
818,2030,medium_variant,male,5yearly,30,43.610411
818,2030,medium_variant,female,5yearly,35,43.284486
818,2030,medium_variant,male,5yearly,35,38.875472
818,2030,medium_variant,female,5yearly,40,38.472828
818,2030,medium_variant,male,5yearly,40,34.160516
818,2030,medium_variant,female,5yearly,45,33.707896
818,2030,medium_variant,male,5yearly,45,29.542923
818,2030,medium_variant,female,5yearly,50,29.119137
818,2030,medium_variant,male,5yearly,50,25.1997
818,2030,medium_variant,female,5yearly,55,24.737119
818,2030,medium_variant,male,5yearly,55,21.217821
818,2030,medium_variant,female,5yearly,60,20.492117
818,2030,medium_variant,male,5yearly,60,17.412359
818,2030,medium_variant,female,5yearly,65,16.559304
818,2030,medium_variant,male,5yearly,65,13.938488
818,2030,medium_variant,female,5yearly,70,12.950395
818,2030,medium_variant,male,5yearly,70,10.842402
818,2030,medium_variant,female,5yearly,75,9.8378727
818,2030,medium_variant,male,5yearly,75,8.1851224
818,2030,medium_variant,female,5yearly,80,7.3167987
818,2030,medium_variant,male,5yearly,80,6.0576245
818,2030,medium_variant,female,5yearly,85,5.3846066
818,2030,medium_variant,male,5yearly,85,4.3677599
818,2030,medium_variant,female,5yearly,90,3.9462291
818,2030,medium_variant,male,5yearly,90,3.2005485
818,2030,medium_variant,female,5yearly,95,2.8172432
818,2030,medium_variant,male,5yearly,95,2.4274135
818,2030,medium_variant,female,5yearly,100plus,2.0083176
818,2030,medium_variant,male,5yearly,100plus,1.8327341
818,2035,medium_variant,female,5yearly,0,77.4874
818,2035,medium_variant,male,5yearly,0,72.4293
818,2035,medium_variant,female,5yearly,1,77.153814
818,2035,medium_variant,male,5yearly,1,72.198309
818,2035,medium_variant,female,5yearly,5,73.335512
818,2035,medium_variant,male,5yearly,5,68.389487
818,2035,medium_variant,female,5yearly,10,68.408058
818,2035,medium_variant,male,5yearly,10,63.496323
818,2035,medium_variant,female,5yearly,15,63.464426
818,2035,medium_variant,male,5yearly,15,58.587571
818,2035,medium_variant,female,5yearly,20,58.536526
818,2035,medium_variant,male,5yearly,20,53.737746
818,2035,medium_variant,female,5yearly,25,53.638127
818,2035,medium_variant,male,5yearly,25,48.949831
818,2035,medium_variant,female,5yearly,30,48.76535
818,2035,medium_variant,male,5yearly,30,44.174064
818,2035,medium_variant,female,5yearly,35,43.926389
818,2035,medium_variant,male,5yearly,35,39.424199
818,2035,medium_variant,female,5yearly,40,39.107045
818,2035,medium_variant,male,5yearly,40,34.695476
818,2035,medium_variant,female,5yearly,45,34.33335
818,2035,medium_variant,male,5yearly,45,30.060432
818,2035,medium_variant,female,5yearly,50,29.723389
818,2035,medium_variant,male,5yearly,50,25.682304
818,2035,medium_variant,female,5yearly,55,25.304747
818,2035,medium_variant,male,5yearly,55,21.641718
818,2035,medium_variant,female,5yearly,60,21.020061
818,2035,medium_variant,male,5yearly,60,17.78561
818,2035,medium_variant,female,5yearly,65,17.027991
818,2035,medium_variant,male,5yearly,65,14.253181
818,2035,medium_variant,female,5yearly,70,13.354306
818,2035,medium_variant,male,5yearly,70,11.095146
818,2035,medium_variant,female,5yearly,75,10.164244
818,2035,medium_variant,male,5yearly,75,8.3756787
818,2035,medium_variant,female,5yearly,80,7.5563583
818,2035,medium_variant,male,5yearly,80,6.1829947
818,2035,medium_variant,female,5yearly,85,5.5436763
818,2035,medium_variant,male,5yearly,85,4.443399
818,2035,medium_variant,female,5yearly,90,4.0423105
818,2035,medium_variant,male,5yearly,90,3.2371306
818,2035,medium_variant,female,5yearly,95,2.8747017
818,2035,medium_variant,male,5yearly,95,2.435018
818,2035,medium_variant,female,5yearly,100plus,2.036218
818,2035,medium_variant,male,5yearly,100plus,1.8296398
818,2040,medium_variant,female,5yearly,0,78.2198
818,2040,medium_variant,male,5yearly,0,73.1632
818,2040,medium_variant,female,5yearly,1,77.827231
818,2040,medium_variant,male,5yearly,1,72.865423
818,2040,medium_variant,female,5yearly,5,73.990958
818,2040,medium_variant,male,5yearly,5,69.033038
818,2040,medium_variant,female,5yearly,10,69.05803
818,2040,medium_variant,male,5yearly,10,64.130056
818,2040,medium_variant,female,5yearly,15,64.110751
818,2040,medium_variant,male,5yearly,15,59.213863
818,2040,medium_variant,female,5yearly,20,59.179982
818,2040,medium_variant,male,5yearly,20,54.355431
818,2040,medium_variant,female,5yearly,25,54.277881
818,2040,medium_variant,male,5yearly,25,49.556166
818,2040,medium_variant,female,5yearly,30,49.400076
818,2040,medium_variant,male,5yearly,30,44.767107
818,2040,medium_variant,female,5yearly,35,44.55372
818,2040,medium_variant,male,5yearly,35,40.001647
818,2040,medium_variant,female,5yearly,40,39.727253
818,2040,medium_variant,male,5yearly,40,35.258218
818,2040,medium_variant,female,5yearly,45,34.945272
818,2040,medium_variant,male,5yearly,45,30.604446
818,2040,medium_variant,female,5yearly,50,30.315158
818,2040,medium_variant,male,5yearly,50,26.190159
818,2040,medium_variant,female,5yearly,55,25.861843
818,2040,medium_variant,male,5yearly,55,22.090095
818,2040,medium_variant,female,5yearly,60,21.539057
818,2040,medium_variant,male,5yearly,60,18.181469
818,2040,medium_variant,female,5yearly,65,17.490155
818,2040,medium_variant,male,5yearly,65,14.588184
818,2040,medium_variant,female,5yearly,70,13.753966
818,2040,medium_variant,male,5yearly,70,11.365834
818,2040,medium_variant,female,5yearly,75,10.48906
818,2040,medium_variant,male,5yearly,75,8.5817267
818,2040,medium_variant,female,5yearly,80,7.7971821
818,2040,medium_variant,male,5yearly,80,6.3211271
818,2040,medium_variant,female,5yearly,85,5.7060852
818,2040,medium_variant,male,5yearly,85,4.5289874
818,2040,medium_variant,female,5yearly,90,4.1429066
818,2040,medium_variant,male,5yearly,90,3.2811467
818,2040,medium_variant,female,5yearly,95,2.9371007
818,2040,medium_variant,male,5yearly,95,2.4480584
818,2040,medium_variant,female,5yearly,100plus,2.0697636
818,2040,medium_variant,male,5yearly,100plus,1.8303526
818,2045,medium_variant,female,5yearly,0,78.9153
818,2045,medium_variant,male,5yearly,0,73.908101
818,2045,medium_variant,female,5yearly,1,78.476398
818,2045,medium_variant,male,5yearly,1,73.549556
818,2045,medium_variant,female,5yearly,5,74.625657
818,2045,medium_variant,male,5yearly,5,69.696281
818,2045,medium_variant,female,5yearly,10,69.688177
818,2045,medium_variant,male,5yearly,10,64.784044
818,2045,medium_variant,female,5yearly,15,64.737743
818,2045,medium_variant,male,5yearly,15,59.860614
818,2045,medium_variant,female,5yearly,20,59.8044
818,2045,medium_variant,male,5yearly,20,54.993269
818,2045,medium_variant,female,5yearly,25,54.898847
818,2045,medium_variant,male,5yearly,25,50.181845
818,2045,medium_variant,female,5yearly,30,50.016232
818,2045,medium_variant,male,5yearly,30,45.378512
818,2045,medium_variant,female,5yearly,35,45.162761
818,2045,medium_variant,male,5yearly,35,40.596327
818,2045,medium_variant,female,5yearly,40,40.329333
818,2045,medium_variant,male,5yearly,40,35.836766
818,2045,medium_variant,female,5yearly,45,35.539189
818,2045,medium_variant,male,5yearly,45,31.162556
818,2045,medium_variant,female,5yearly,50,30.889654
818,2045,medium_variant,male,5yearly,50,26.710669
818,2045,medium_variant,female,5yearly,55,26.403294
818,2045,medium_variant,male,5yearly,55,22.550574
818,2045,medium_variant,female,5yearly,60,22.043929
818,2045,medium_variant,male,5yearly,60,18.588219
818,2045,medium_variant,female,5yearly,65,17.940642
818,2045,medium_variant,male,5yearly,65,14.932864
818,2045,medium_variant,female,5yearly,70,14.144465
818,2045,medium_variant,male,5yearly,70,11.645183
818,2045,medium_variant,female,5yearly,75,10.80769
818,2045,medium_variant,male,5yearly,75,8.79545
818,2045,medium_variant,female,5yearly,80,8.0349762
818,2045,medium_variant,male,5yearly,80,6.4656998
818,2045,medium_variant,female,5yearly,85,5.8680251
818,2045,medium_variant,male,5yearly,85,4.6196135
818,2045,medium_variant,female,5yearly,90,4.2448043
818,2045,medium_variant,male,5yearly,90,3.328975
818,2045,medium_variant,female,5yearly,95,3.0018223
818,2045,medium_variant,male,5yearly,95,2.4640068
818,2045,medium_variant,female,5yearly,100plus,2.1067824
818,2045,medium_variant,male,5yearly,100plus,1.8333039
818,2050,medium_variant,female,5yearly,0,79.5891
818,2050,medium_variant,male,5yearly,0,74.674604
818,2050,medium_variant,female,5yearly,1,79.113064
818,2050,medium_variant,male,5yearly,1,74.258816
818,2050,medium_variant,female,5yearly,5,75.250423
818,2050,medium_variant,male,5yearly,5,70.394051
818,2050,medium_variant,female,5yearly,10,70.309071
818,2050,medium_variant,male,5yearly,10,65.472859
818,2050,medium_variant,female,5yearly,15,65.355836
818,2050,medium_variant,male,5yearly,15,60.542222
818,2050,medium_variant,female,5yearly,20,60.420107
818,2050,medium_variant,male,5yearly,20,55.665427
818,2050,medium_variant,female,5yearly,25,55.511236
818,2050,medium_variant,male,5yearly,25,50.840752
818,2050,medium_variant,female,5yearly,30,50.623906
818,2050,medium_variant,male,5yearly,30,46.021936
818,2050,medium_variant,female,5yearly,35,45.763457
818,2050,medium_variant,male,5yearly,35,41.221692
818,2050,medium_variant,female,5yearly,40,40.923087
818,2050,medium_variant,male,5yearly,40,36.444322
818,2050,medium_variant,female,5yearly,45,36.124731
818,2050,medium_variant,male,5yearly,45,31.747628
818,2050,medium_variant,female,5yearly,50,31.456216
818,2050,medium_variant,male,5yearly,50,27.256205
818,2050,medium_variant,female,5yearly,55,26.937992
818,2050,medium_variant,male,5yearly,55,23.034785
818,2050,medium_variant,female,5yearly,60,22.54306
818,2050,medium_variant,male,5yearly,60,19.016532
818,2050,medium_variant,female,5yearly,65,18.387145
818,2050,medium_variant,male,5yearly,65,15.296748
818,2050,medium_variant,female,5yearly,70,14.532636
818,2050,medium_variant,male,5yearly,70,11.941388
818,2050,medium_variant,female,5yearly,75,11.125908
818,2050,medium_variant,male,5yearly,75,9.0235965
818,2050,medium_variant,female,5yearly,80,8.2743358
818,2050,medium_variant,male,5yearly,80,6.6219658
818,2050,medium_variant,female,5yearly,85,6.0329185
818,2050,medium_variant,male,5yearly,85,4.7191666
818,2050,medium_variant,female,5yearly,90,4.350367
818,2050,medium_variant,male,5yearly,90,3.3833683
818,2050,medium_variant,female,5yearly,95,3.0703549
818,2050,medium_variant,male,5yearly,95,2.4846635
818,2050,medium_variant,female,5yearly,100plus,2.1479152
818,2050,medium_variant,male,5yearly,100plus,1.8386557
818,2055,medium_variant,female,5yearly,0,80.232001
818,2055,medium_variant,male,5yearly,0,75.426201
818,2055,medium_variant,female,5yearly,1,79.738378
818,2055,medium_variant,male,5yearly,1,74.980063
818,2055,medium_variant,female,5yearly,5,75.867859
818,2055,medium_variant,male,5yearly,5,71.107776
818,2055,medium_variant,female,5yearly,10,70.923626
818,2055,medium_variant,male,5yearly,10,66.181049
818,2055,medium_variant,female,5yearly,15,65.967944
818,2055,medium_variant,male,5yearly,15,61.244536
818,2055,medium_variant,female,5yearly,20,61.02977
818,2055,medium_variant,male,5yearly,20,56.358916
818,2055,medium_variant,female,5yearly,25,56.117205
818,2055,medium_variant,male,5yearly,25,51.520578
818,2055,medium_variant,female,5yearly,30,51.224734
818,2055,medium_variant,male,5yearly,30,46.685232
818,2055,medium_variant,female,5yearly,35,46.357167
818,2055,medium_variant,male,5yearly,35,41.865472
818,2055,medium_variant,female,5yearly,40,41.510064
818,2055,medium_variant,male,5yearly,40,37.068423
818,2055,medium_variant,female,5yearly,45,36.704235
818,2055,medium_variant,male,5yearly,45,32.34714
818,2055,medium_variant,female,5yearly,50,32.01894
818,2055,medium_variant,male,5yearly,50,27.814533
818,2055,medium_variant,female,5yearly,55,27.472668
818,2055,medium_variant,male,5yearly,55,23.531667
818,2055,medium_variant,female,5yearly,60,23.045997
818,2055,medium_variant,male,5yearly,60,19.456799
818,2055,medium_variant,female,5yearly,65,18.841932
818,2055,medium_variant,male,5yearly,65,15.672145
818,2055,medium_variant,female,5yearly,70,14.93259
818,2055,medium_variant,male,5yearly,70,12.248658
818,2055,medium_variant,female,5yearly,75,11.458347
818,2055,medium_variant,male,5yearly,75,9.2620736
818,2055,medium_variant,female,5yearly,80,8.5288114
818,2055,medium_variant,male,5yearly,80,6.7875285
818,2055,medium_variant,female,5yearly,85,6.2119315
818,2055,medium_variant,male,5yearly,85,4.8265396
818,2055,medium_variant,female,5yearly,90,4.4678413
818,2055,medium_variant,male,5yearly,90,3.4440736
818,2055,medium_variant,female,5yearly,95,3.1482084
818,2055,medium_variant,male,5yearly,95,2.5102229
818,2055,medium_variant,female,5yearly,100plus,2.1956209
818,2055,medium_variant,male,5yearly,100plus,1.846729
818,2060,medium_variant,female,5yearly,0,80.875701
818,2060,medium_variant,male,5yearly,0,76.237601
818,2060,medium_variant,female,5yearly,1,80.367236
818,2060,medium_variant,male,5yearly,1,75.760512
818,2060,medium_variant,female,5yearly,5,76.489638
818,2060,medium_variant,male,5yearly,5,71.881554
818,2060,medium_variant,female,5yearly,10,71.542757
818,2060,medium_variant,male,5yearly,10,66.951532
818,2060,medium_variant,female,5yearly,15,66.584775
818,2060,medium_variant,male,5yearly,15,62.010928
818,2060,medium_variant,female,5yearly,20,61.644184
818,2060,medium_variant,male,5yearly,20,57.116419
818,2060,medium_variant,female,5yearly,25,56.727906
818,2060,medium_variant,male,5yearly,25,52.264471
818,2060,medium_variant,female,5yearly,30,51.830262
818,2060,medium_variant,male,5yearly,30,47.413061
818,2060,medium_variant,female,5yearly,35,46.955545
818,2060,medium_variant,male,5yearly,35,42.574519
818,2060,medium_variant,female,5yearly,40,42.101463
818,2060,medium_variant,male,5yearly,40,37.758192
818,2060,medium_variant,female,5yearly,45,37.287694
818,2060,medium_variant,male,5yearly,45,33.012332
818,2060,medium_variant,female,5yearly,50,32.585207
818,2060,medium_variant,male,5yearly,50,28.438436
818,2060,medium_variant,female,5yearly,55,28.01076
818,2060,medium_variant,male,5yearly,55,24.09372
818,2060,medium_variant,female,5yearly,60,23.551895
818,2060,medium_variant,male,5yearly,60,19.959026
818,2060,medium_variant,female,5yearly,65,19.299821
818,2060,medium_variant,male,5yearly,65,16.104642
818,2060,medium_variant,female,5yearly,70,15.335718
818,2060,medium_variant,male,5yearly,70,12.606961
818,2060,medium_variant,female,5yearly,75,11.79453
818,2060,medium_variant,male,5yearly,75,9.5445504
818,2060,medium_variant,female,5yearly,80,8.7880436
818,2060,medium_variant,male,5yearly,80,6.9894229
818,2060,medium_variant,female,5yearly,85,6.3965159
818,2060,medium_variant,male,5yearly,85,4.9622983
818,2060,medium_variant,female,5yearly,90,4.5912474
818,2060,medium_variant,male,5yearly,90,3.5257585
818,2060,medium_variant,female,5yearly,95,3.231856
818,2060,medium_variant,male,5yearly,95,2.5505332
818,2060,medium_variant,female,5yearly,100plus,2.24879
818,2060,medium_variant,male,5yearly,100plus,1.863682
818,2065,medium_variant,female,5yearly,0,81.489601
818,2065,medium_variant,male,5yearly,0,77.077601
818,2065,medium_variant,female,5yearly,1,80.970434
818,2065,medium_variant,male,5yearly,1,76.5799
818,2065,medium_variant,female,5yearly,5,77.086998
818,2065,medium_variant,male,5yearly,5,72.695554
818,2065,medium_variant,female,5yearly,10,72.137896
818,2065,medium_variant,male,5yearly,10,67.762842
818,2065,medium_variant,female,5yearly,15,67.177918
818,2065,medium_variant,male,5yearly,15,62.819635
818,2065,medium_variant,female,5yearly,20,62.235191
818,2065,medium_variant,male,5yearly,20,57.916109
818,2065,medium_variant,female,5yearly,25,57.315538
818,2065,medium_variant,male,5yearly,25,53.050469
818,2065,medium_variant,female,5yearly,30,52.413084
818,2065,medium_variant,male,5yearly,30,48.183237
818,2065,medium_variant,female,5yearly,35,47.531621
818,2065,medium_variant,male,5yearly,35,43.32638
818,2065,medium_variant,female,5yearly,40,42.67077
818,2065,medium_variant,male,5yearly,40,38.490931
818,2065,medium_variant,female,5yearly,45,37.849123
818,2065,medium_variant,male,5yearly,45,33.720402
818,2065,medium_variant,female,5yearly,50,33.129868
818,2065,medium_variant,male,5yearly,50,29.105443
818,2065,medium_variant,female,5yearly,55,28.528272
818,2065,medium_variant,male,5yearly,55,24.699462
818,2065,medium_variant,female,5yearly,60,24.038233
818,2065,medium_variant,male,5yearly,60,20.503457
818,2065,medium_variant,female,5yearly,65,19.740233
818,2065,medium_variant,male,5yearly,65,16.576952
818,2065,medium_variant,female,5yearly,70,15.723826
818,2065,medium_variant,male,5yearly,70,13.001886
818,2065,medium_variant,female,5yearly,75,12.119066
818,2065,medium_variant,male,5yearly,75,9.8596574
818,2065,medium_variant,female,5yearly,80,9.0397152
818,2065,medium_variant,male,5yearly,80,7.219203
818,2065,medium_variant,female,5yearly,85,6.5774407
818,2065,medium_variant,male,5yearly,85,5.1205173
818,2065,medium_variant,female,5yearly,90,4.7141152
818,2065,medium_variant,male,5yearly,90,3.6245267
818,2065,medium_variant,female,5yearly,95,3.3170033
818,2065,medium_variant,male,5yearly,95,2.6031029
818,2065,medium_variant,female,5yearly,100plus,2.3048917
818,2065,medium_variant,male,5yearly,100plus,1.88712
818,2070,medium_variant,female,5yearly,0,82.087301
818,2070,medium_variant,male,5yearly,0,77.9303
818,2070,medium_variant,female,5yearly,1,81.560443
818,2070,medium_variant,male,5yearly,1,77.426399
818,2070,medium_variant,female,5yearly,5,77.672067
818,2070,medium_variant,male,5yearly,5,73.537574
818,2070,medium_variant,female,5yearly,10,72.721047
818,2070,medium_variant,male,5yearly,10,68.602586
818,2070,medium_variant,female,5yearly,15,67.759282
818,2070,medium_variant,male,5yearly,15,63.657082
818,2070,medium_variant,female,5yearly,20,62.814595
818,2070,medium_variant,male,5yearly,20,58.745329
818,2070,medium_variant,female,5yearly,25,57.891767
818,2070,medium_variant,male,5yearly,25,53.867207
818,2070,medium_variant,female,5yearly,30,52.984721
818,2070,medium_variant,male,5yearly,30,48.985777
818,2070,medium_variant,female,5yearly,35,48.096759
818,2070,medium_variant,male,5yearly,35,44.112593
818,2070,medium_variant,female,5yearly,40,43.229204
818,2070,medium_variant,male,5yearly,40,39.259831
818,2070,medium_variant,female,5yearly,45,38.399587
818,2070,medium_variant,male,5yearly,45,34.466554
818,2070,medium_variant,female,5yearly,50,33.663772
818,2070,medium_variant,male,5yearly,50,29.813226
818,2070,medium_variant,female,5yearly,55,29.035733
818,2070,medium_variant,male,5yearly,55,25.349352
818,2070,medium_variant,female,5yearly,60,24.515134
818,2070,medium_variant,male,5yearly,60,21.092576
818,2070,medium_variant,female,5yearly,65,20.172666
818,2070,medium_variant,male,5yearly,65,17.093102
818,2070,medium_variant,female,5yearly,70,16.10553
818,2070,medium_variant,male,5yearly,70,13.438503
818,2070,medium_variant,female,5yearly,75,12.439382
818,2070,medium_variant,male,5yearly,75,10.213004
818,2070,medium_variant,female,5yearly,80,9.2898401
818,2070,medium_variant,male,5yearly,80,7.4833002
818,2070,medium_variant,female,5yearly,85,6.7592557
818,2070,medium_variant,male,5yearly,85,5.3077674
818,2070,medium_variant,female,5yearly,90,4.8396541
818,2070,medium_variant,male,5yearly,90,3.7464483
818,2070,medium_variant,female,5yearly,95,3.4057444
818,2070,medium_variant,male,5yearly,95,2.6731606
818,2070,medium_variant,female,5yearly,100plus,2.3649648
818,2070,medium_variant,male,5yearly,100plus,1.9219067
818,2075,medium_variant,female,5yearly,0,82.685901
818,2075,medium_variant,male,5yearly,0,78.780199
818,2075,medium_variant,female,5yearly,1,82.153072
818,2075,medium_variant,male,5yearly,1,78.271797
818,2075,medium_variant,female,5yearly,5,78.260224
818,2075,medium_variant,male,5yearly,5,74.378915
818,2075,medium_variant,female,5yearly,10,73.307423
818,2075,medium_variant,male,5yearly,10,69.441807
818,2075,medium_variant,female,5yearly,15,68.343958
818,2075,medium_variant,male,5yearly,15,64.4941
818,2075,medium_variant,female,5yearly,20,63.397318
818,2075,medium_variant,male,5yearly,20,59.57529
818,2075,medium_variant,female,5yearly,25,58.471301
818,2075,medium_variant,male,5yearly,25,54.686393
818,2075,medium_variant,female,5yearly,30,53.559644
818,2075,medium_variant,male,5yearly,30,49.79282
818,2075,medium_variant,female,5yearly,35,48.665182
818,2075,medium_variant,male,5yearly,35,44.905724
818,2075,medium_variant,female,5yearly,40,43.790749
818,2075,medium_variant,male,5yearly,40,40.038
818,2075,medium_variant,female,5yearly,45,38.95281
818,2075,medium_variant,male,5yearly,45,35.224688
818,2075,medium_variant,female,5yearly,50,34.200297
818,2075,medium_variant,male,5yearly,50,30.536909
818,2075,medium_variant,female,5yearly,55,29.546062
818,2075,medium_variant,male,5yearly,55,26.020264
818,2075,medium_variant,female,5yearly,60,24.994932
818,2075,medium_variant,male,5yearly,60,21.705553
818,2075,medium_variant,female,5yearly,65,20.608633
818,2075,medium_variant,male,5yearly,65,17.635028
818,2075,medium_variant,female,5yearly,70,16.491223
818,2075,medium_variant,male,5yearly,70,13.901776
818,2075,medium_variant,female,5yearly,75,12.764429
818,2075,medium_variant,male,5yearly,75,10.592706
818,2075,medium_variant,female,5yearly,80,9.5456845
818,2075,medium_variant,male,5yearly,80,7.7730996
818,2075,medium_variant,female,5yearly,85,6.9474978
818,2075,medium_variant,male,5yearly,85,5.5182356
818,2075,medium_variant,female,5yearly,90,4.971836
818,2075,medium_variant,male,5yearly,90,3.8878604
818,2075,medium_variant,female,5yearly,95,3.5007797
818,2075,medium_variant,male,5yearly,95,2.7587157
818,2075,medium_variant,female,5yearly,100plus,2.4305494
818,2075,medium_variant,male,5yearly,100plus,1.9694052
818,2080,medium_variant,female,5yearly,0,83.282801
818,2080,medium_variant,male,5yearly,0,79.611198
818,2080,medium_variant,female,5yearly,1,82.745562
818,2080,medium_variant,male,5yearly,1,79.099767
818,2080,medium_variant,female,5yearly,5,78.848514
818,2080,medium_variant,male,5yearly,5,75.203038
818,2080,medium_variant,female,5yearly,10,73.894004
818,2080,medium_variant,male,5yearly,10,70.26387
818,2080,medium_variant,female,5yearly,15,68.928878
818,2080,medium_variant,male,5yearly,15,65.313981
818,2080,medium_variant,female,5yearly,20,63.980233
818,2080,medium_variant,male,5yearly,20,60.388778
818,2080,medium_variant,female,5yearly,25,59.05093
818,2080,medium_variant,male,5yearly,25,55.49009
818,2080,medium_variant,female,5yearly,30,54.134571
818,2080,medium_variant,male,5yearly,30,50.585573
818,2080,medium_variant,female,5yearly,35,49.23356
818,2080,medium_variant,male,5yearly,35,45.685993
818,2080,medium_variant,female,5yearly,40,44.352046
818,2080,medium_variant,male,5yearly,40,40.804676
818,2080,medium_variant,female,5yearly,45,39.505446
818,2080,medium_variant,male,5yearly,45,35.972982
818,2080,medium_variant,female,5yearly,50,34.736182
818,2080,medium_variant,male,5yearly,50,31.253632
818,2080,medium_variant,female,5yearly,55,30.05614
818,2080,medium_variant,male,5yearly,55,26.688556
818,2080,medium_variant,female,5yearly,60,25.474688
818,2080,medium_variant,male,5yearly,60,22.319317
818,2080,medium_variant,female,5yearly,65,21.045429
818,2080,medium_variant,male,5yearly,65,18.181302
818,2080,medium_variant,female,5yearly,70,16.878443
818,2080,medium_variant,male,5yearly,70,14.372673
818,2080,medium_variant,female,5yearly,75,13.092033
818,2080,medium_variant,male,5yearly,75,10.982732
818,2080,medium_variant,female,5yearly,80,9.8054204
818,2080,medium_variant,male,5yearly,80,8.0752657
818,2080,medium_variant,female,5yearly,85,7.1407792
818,2080,medium_variant,male,5yearly,85,5.7413434
818,2080,medium_variant,female,5yearly,90,5.1097729
818,2080,medium_variant,male,5yearly,90,4.0407386
818,2080,medium_variant,female,5yearly,95,3.6017003
818,2080,medium_variant,male,5yearly,95,2.8538198
818,2080,medium_variant,female,5yearly,100plus,2.5015448
818,2080,medium_variant,male,5yearly,100plus,2.0250082
818,2085,medium_variant,female,5yearly,0,83.846
818,2085,medium_variant,male,5yearly,0,80.4992
818,2085,medium_variant,female,5yearly,1,83.307886
818,2085,medium_variant,male,5yearly,1,79.988975
818,2085,medium_variant,female,5yearly,5,79.407481
818,2085,medium_variant,male,5yearly,5,76.089329
818,2085,medium_variant,female,5yearly,10,74.451573
818,2085,medium_variant,male,5yearly,10,71.148572
818,2085,medium_variant,female,5yearly,15,69.48501
818,2085,medium_variant,male,5yearly,15,66.196866
818,2085,medium_variant,female,5yearly,20,64.534592
818,2085,medium_variant,male,5yearly,20,61.265445
818,2085,medium_variant,female,5yearly,25,59.6023
818,2085,medium_variant,male,5yearly,25,56.357276
818,2085,medium_variant,female,5yearly,30,54.681589
818,2085,medium_variant,male,5yearly,30,51.44238
818,2085,medium_variant,female,5yearly,35,49.774464
818,2085,medium_variant,male,5yearly,35,46.531093
818,2085,medium_variant,female,5yearly,40,44.886217
818,2085,medium_variant,male,5yearly,40,41.636829
818,2085,medium_variant,female,5yearly,45,40.031266
818,2085,medium_variant,male,5yearly,45,36.787475
818,2085,medium_variant,female,5yearly,50,35.246101
818,2085,medium_variant,male,5yearly,50,32.037859
818,2085,medium_variant,female,5yearly,55,30.541804
818,2085,medium_variant,male,5yearly,55,27.42622
818,2085,medium_variant,female,5yearly,60,25.931701
818,2085,medium_variant,male,5yearly,60,23.002129
818,2085,medium_variant,female,5yearly,65,21.462196
818,2085,medium_variant,male,5yearly,65,18.794904
818,2085,medium_variant,female,5yearly,70,17.248621
818,2085,medium_variant,male,5yearly,70,14.907401
818,2085,medium_variant,female,5yearly,75,13.406343
818,2085,medium_variant,male,5yearly,75,11.431096
818,2085,medium_variant,female,5yearly,80,10.056246
818,2085,medium_variant,male,5yearly,80,8.4292563
818,2085,medium_variant,female,5yearly,85,7.329441
818,2085,medium_variant,male,5yearly,85,6.007965
818,2085,medium_variant,female,5yearly,90,5.2466649
818,2085,medium_variant,male,5yearly,90,4.227947
818,2085,medium_variant,female,5yearly,95,3.7039637
818,2085,medium_variant,male,5yearly,95,2.974505
818,2085,medium_variant,female,5yearly,100plus,2.5750711
818,2085,medium_variant,male,5yearly,100plus,2.0977612
818,2090,medium_variant,female,5yearly,0,84.4188
818,2090,medium_variant,male,5yearly,0,81.3696
818,2090,medium_variant,female,5yearly,1,83.880924
818,2090,medium_variant,male,5yearly,1,80.861566
818,2090,medium_variant,female,5yearly,5,79.97744
818,2090,medium_variant,male,5yearly,5,76.959215
818,2090,medium_variant,female,5yearly,10,75.0202
818,2090,medium_variant,male,5yearly,10,72.016916
818,2090,medium_variant,female,5yearly,15,70.052236
818,2090,medium_variant,male,5yearly,15,67.063403
818,2090,medium_variant,female,5yearly,20,65.100012
818,2090,medium_variant,male,5yearly,20,62.126299
818,2090,medium_variant,female,5yearly,25,60.164675
818,2090,medium_variant,male,5yearly,25,57.209462
818,2090,medium_variant,female,5yearly,30,55.239571
818,2090,medium_variant,male,5yearly,30,52.285201
818,2090,medium_variant,female,5yearly,35,50.326335
818,2090,medium_variant,male,5yearly,35,47.363437
818,2090,medium_variant,female,5yearly,40,45.431213
818,2090,medium_variant,male,5yearly,40,42.457443
818,2090,medium_variant,female,5yearly,45,40.567626
818,2090,medium_variant,male,5yearly,45,37.591992
818,2090,medium_variant,female,5yearly,50,35.766547
818,2090,medium_variant,male,5yearly,50,32.814855
818,2090,medium_variant,female,5yearly,55,31.038358
818,2090,medium_variant,male,5yearly,55,28.160835
818,2090,medium_variant,female,5yearly,60,26.399744
818,2090,medium_variant,male,5yearly,60,23.685325
818,2090,medium_variant,female,5yearly,65,21.890607
818,2090,medium_variant,male,5yearly,65,19.412557
818,2090,medium_variant,female,5yearly,70,17.630624
818,2090,medium_variant,male,5yearly,70,15.449598
818,2090,medium_variant,female,5yearly,75,13.732603
818,2090,medium_variant,male,5yearly,75,11.889834
818,2090,medium_variant,female,5yearly,80,10.31911
818,2090,medium_variant,male,5yearly,80,8.7964558
818,2090,medium_variant,female,5yearly,85,7.5297974
818,2090,medium_variant,male,5yearly,85,6.2889491
818,2090,medium_variant,female,5yearly,90,5.3943845
818,2090,medium_variant,male,5yearly,90,4.4290005
818,2090,medium_variant,female,5yearly,95,3.8156115
818,2090,medium_variant,male,5yearly,95,3.1074403
818,2090,medium_variant,female,5yearly,100plus,2.6558033
818,2090,medium_variant,male,5yearly,100plus,2.1810738
818,2095,medium_variant,female,5yearly,0,84.9683
818,2095,medium_variant,male,5yearly,0,82.1985
818,2095,medium_variant,female,5yearly,1,84.467362
818,2095,medium_variant,male,5yearly,1,81.731731
818,2095,medium_variant,female,5yearly,5,80.564951
818,2095,medium_variant,male,5yearly,5,77.830844
818,2095,medium_variant,female,5yearly,10,75.608216
818,2095,medium_variant,male,5yearly,10,72.889457
818,2095,medium_variant,female,5yearly,15,70.639816
818,2095,medium_variant,male,5yearly,15,67.935509
818,2095,medium_variant,female,5yearly,20,65.687423
818,2095,medium_variant,male,5yearly,20,62.993874
818,2095,medium_variant,female,5yearly,25,60.750521
818,2095,medium_variant,male,5yearly,25,58.068789
818,2095,medium_variant,female,5yearly,30,55.821785
818,2095,medium_variant,male,5yearly,30,53.134456
818,2095,medium_variant,female,5yearly,35,50.902276
818,2095,medium_variant,male,5yearly,35,48.20326
818,2095,medium_variant,female,5yearly,40,46.000175
818,2095,medium_variant,male,5yearly,40,43.286391
818,2095,medium_variant,female,5yearly,45,41.127732
818,2095,medium_variant,male,5yearly,45,38.403142
818,2095,medium_variant,female,5yearly,50,36.307715
818,2095,medium_variant,male,5yearly,50,33.594882
818,2095,medium_variant,female,5yearly,55,31.549844
818,2095,medium_variant,male,5yearly,55,28.892602
818,2095,medium_variant,female,5yearly,60,26.876976
818,2095,medium_variant,male,5yearly,60,24.363374
818,2095,medium_variant,female,5yearly,65,22.319569
818,2095,medium_variant,male,5yearly,65,20.024036
818,2095,medium_variant,female,5yearly,70,18.006479
818,2095,medium_variant,male,5yearly,70,15.988598
818,2095,medium_variant,female,5yearly,75,14.047332
818,2095,medium_variant,male,5yearly,75,12.352373
818,2095,medium_variant,female,5yearly,80,10.566666
818,2095,medium_variant,male,5yearly,80,9.1722956
818,2095,medium_variant,female,5yearly,85,7.7167971
818,2095,medium_variant,male,5yearly,85,6.5859112
818,2095,medium_variant,female,5yearly,90,5.5378908
818,2095,medium_variant,male,5yearly,90,4.6489732
818,2095,medium_variant,female,5yearly,95,3.9392586
818,2095,medium_variant,male,5yearly,95,3.2570598
818,2095,medium_variant,female,5yearly,100plus,2.759149
818,2095,medium_variant,male,5yearly,100plus,2.2850853
